{
    "32_x1_lstm.savedmodel": [
        0.7790679931640625
    ],
    "64x2_lstm.savedmodel": [
        0.5449330806732178
    ],
    "32x4_lstm.savedmodel": [
        0.8374648094177246,
        0.8228072226047516,
        0.8155071139335632,
        0.8064070343971252,
        0.8042574524879456,
        0.8006854504346848,
        0.7955556213855743,
        0.7904302775859833,
        0.7865946739912033,
        0.7831285446882248,
        0.7756060063838959,
        0.7726867645978928,
        0.7723673284053802,
        0.7696201056241989,
        0.7664307504892349,
        0.7590232491493225,
        0.7575923800468445,
        0.7557367235422134,
        0.7512325644493103,
        0.7478682994842529,
        0.7473973035812378,
        0.7484913170337677,
        0.7459072470664978,
        0.7446215748786926,
        0.7471424639225006,
        0.7418558895587921,
        0.7421380281448364,
        0.7377998232841492,
        0.7350034713745117,
        0.7379190921783447,
        0.7304447591304779,
        0.7303251624107361,
        0.729044497013092,
        0.726478099822998,
        0.7236032485961914,
        0.7247858047485352,
        0.7222425639629364,
        0.7223969995975494,
        0.7247249186038971,
        0.7192972600460052,
        0.7152880132198334,
        0.7201943397521973,
        0.7158182859420776,
        0.7123527824878693,
        0.7052295804023743,
        0.7121392488479614,
        0.710647314786911,
        0.7088936567306519,
        0.7177919447422028,
        0.7136135101318359,
        0.7121352553367615,
        0.7118721008300781,
        0.7048124969005585,
        0.7007561922073364,
        0.6962143778800964,
        0.6970166862010956,
        0.6944756507873535,
        0.6947996020317078,
        0.694412887096405,
        0.6888658702373505,
        0.6866745054721832,
        0.6786881685256958,
        0.685091644525528,
        0.6862806081771851,
        0.6867238879203796,
        0.6891752481460571,
        0.6861068606376648,
        0.6820642948150635,
        0.6738937795162201,
        0.6752332746982574,
        0.676547646522522,
        0.6750239729881287,
        0.6711062490940094,
        0.6719598174095154,
        0.672453910112381,
        0.6729010939598083,
        0.6680541038513184,
        0.669266015291214,
        0.6711371541023254,
        0.6666938960552216,
        0.669811338186264,
        0.6619930565357208,
        0.6635396182537079,
        0.6647469699382782,
        0.6589054465293884,
        0.6529801487922668,
        0.6498671770095825,
        0.6497260928153992,
        0.6522051095962524,
        0.6539524495601654,
        0.6536243557929993,
        0.6533229947090149,
        0.6509917080402374,
        0.6470037698745728,
        0.6494576036930084,
        0.6515752673149109,
        0.6530804336071014,
        0.6548368036746979,
        0.6514460146427155,
        0.6531559824943542,
        0.6505573093891144,
        0.6434753835201263,
        0.6458044648170471,
        0.6497215032577515,
        0.6519156098365784,
        0.6486161351203918,
        0.6425110995769501,
        0.6412397027015686,
        0.6404997706413269,
        0.646743655204773,
        0.64479860663414,
        0.6370723247528076,
        0.6393131911754608,
        0.6429190933704376,
        0.6458806693553925,
        0.6474781036376953,
        0.6475576162338257,
        0.6382528841495514,
        0.6401735842227936,
        0.639566570520401,
        0.6409995853900909,
        0.6418219804763794,
        0.6461274921894073,
        0.6462930738925934,
        0.6420289576053619,
        0.6424207985401154,
        0.6424576640129089,
        0.6405537724494934,
        0.6418631672859192
    ],
    "32_x1_0.2dropout_lstm.savedmodel": [
        0.750634178519249
    ],
    "32x4_0.2dropoutx3lstm.savedmodel": [
        0.5828643441200256
    ],
    "32x3_lstm.savedmodel": [
        0.7056102454662323
    ],
    "64_x1_lstm.savedmodel": [
        0.7657823264598846
    ],
    "128_x1_lstm.savedmodel": [
        0.7762441486120224
    ],
    "32_x2_lstm.savedmodel": [
        0.8897008895874023,
        0.8765721470117569,
        0.8672125041484833,
        0.8639961183071136,
        0.8602357506752014,
        0.853153869509697,
        0.8491074740886688,
        0.8385955393314362,
        0.8329208046197891,
        0.8301123231649399,
        0.8264147490262985,
        0.8200857937335968,
        0.8138552606105804,
        0.811156302690506,
        0.80889692902565,
        0.8079210072755814,
        0.806630477309227,
        0.8081843703985214,
        0.8048082292079926,
        0.7972582280635834,
        0.7975239306688309,
        0.7976622879505157,
        0.7988870590925217,
        0.7960508316755295,
        0.7922747135162354,
        0.785210132598877,
        0.7919182181358337,
        0.7867010235786438,
        0.7859345525503159,
        0.7902912795543671,
        0.7891750335693359,
        0.7869508862495422,
        0.7808697372674942,
        0.7747024148702621,
        0.776666909456253,
        0.7771027088165283,
        0.7761617600917816,
        0.7732217460870743,
        0.7685204595327377,
        0.7634169161319733,
        0.759126141667366,
        0.757362887263298,
        0.7571012675762177,
        0.752401128411293,
        0.7490434348583221,
        0.742760568857193,
        0.7429652810096741,
        0.7454859018325806,
        0.7428394258022308,
        0.7485039532184601,
        0.7428982257843018,
        0.7442996203899384,
        0.7388296723365784,
        0.7355081737041473,
        0.7333832681179047,
        0.7335091233253479,
        0.7316210865974426,
        0.7326752543449402,
        0.7257507741451263,
        0.7257179021835327,
        0.725951761007309,
        0.7176845967769623,
        0.7141284048557281,
        0.713792234659195,
        0.7124830186367035,
        0.7120373249053955,
        0.7181836664676666,
        0.7199498414993286,
        0.7167384326457977,
        0.7141699194908142,
        0.7107263505458832,
        0.7126263082027435,
        0.7118054032325745,
        0.7023263573646545,
        0.7000421583652496,
        0.7026687860488892,
        0.7030300498008728,
        0.6992664635181427,
        0.6963163912296295,
        0.6991200149059296,
        0.7008295357227325,
        0.7012884318828583,
        0.7059375047683716,
        0.7042171955108643,
        0.7077412009239197,
        0.7012545764446259,
        0.7009938657283783,
        0.7106339633464813,
        0.7059939503669739,
        0.7033063769340515,
        0.7005021870136261,
        0.6986542642116547,
        0.7039275765419006,
        0.6964865326881409,
        0.6956919729709625,
        0.6978386640548706,
        0.694174200296402,
        0.6929695904254913,
        0.6916605234146118,
        0.693850189447403,
        0.6863632500171661,
        0.6828553676605225,
        0.6816603243350983,
        0.6804801821708679,
        0.6793146431446075,
        0.6725952625274658,
        0.6707986891269684,
        0.6768770813941956,
        0.6793296933174133,
        0.6821433007717133,
        0.6816101372241974,
        0.6774735450744629,
        0.6762139797210693,
        0.6743285357952118,
        0.6738367676734924,
        0.6709197163581848,
        0.681410014629364,
        0.6761476993560791,
        0.667816698551178,
        0.6696974337100983,
        0.6702556312084198,
        0.6746642291545868,
        0.67130908370018,
        0.6794998049736023,
        0.6741300225257874,
        0.667156994342804,
        0.6616100072860718,
        0.6613817512989044,
        0.6694006025791168
    ],
    "32_x4_0.2dropout_lstm.savedmodel": [
        0.5982204377651215
    ],